Number of Process,Name of Process,Year Filed,Status,Court,Category,OneNote,,,,,,,,,,,,,,,,,,,
494038082436.24.D.DM,Regents of Univ. of Surry v. Gustaviana,2024,To Clerk,Federal Circuit of Appeals,Probate & Estate (Record),,.,.,.,.,.,.,.,.,.,.,.,.,.,.,.,.,.,.,.
316111148255.24.S.D.VN,Galvan v. ProMed,2024,To Clerk,Sixth Circuit of Appeals,Civil (Labor),,.,.,.,.,.,.,.,.,.,.,.,.,.,.,.,.,.,.,.
541220768773.24.S.D.NH,Spelka v. New Heale,2024,To Clerk,First Circuit of Appeals,Probate & Estate,,.,.,.,.,.,.,.,.,.,.,.,.,.,.,.,.,.,.,.
977002294860.24.VN,Norton v. VTECH,2024,Pendent,Vilnius Supreme Court,Civil,,.,.,.,.,.,.,.,.,.,.,.,.,.,.,.,.,.,.,.
851547366587.25.SR,Daniels v. Shelby County Hall et. al.,2025,Terminated,Serena Supreme Court,Civil,https://d.docs.live.net/E2BC691368A3A85D/Imagens/GUS/Bank%20of%20Process/New/851547366587.25.SR.pdf,.,.,.,.,.,.,.,.,.,.,.,.,.,.,.,.,.,.,.
408447083479.26.UM,Pollard County v. Pollard County Council,2026,To Clerk,Umanois Supreme Court,Probate & Estate,,.,.,.,.,.,.,.,.,.,.,.,.,.,.,.,.,.,.,.
196927973510.24.FW,LWR v. Faughtar West,2024,To Clerk,Faughtar West Supreme Court,Civil (Labor),,.,.,.,.,.,.,.,.,.,.,.,.,.,.,.,.,.,.,.
320211748477.24.BM,Conservative Party v. §20.103,2024,To Clerk,Berma Supreme Court,Civil,,.,.,.,.,.,.,.,.,.,.,.,.,.,.,.,.,.,.,.
847295163042.26.S.D.WS,Psinack v. Saunders County,2026,To Clerk,National Supreme Court,Administrative & Regulatory,,.,.,.,.,Administrative & Regulatory,,,,,,,,,,,,,,
847295163042.26.S.D.WS,Psinack v. Saunders County,2026,To Clerk,Seventh Circuit of Appeals,Administrative & Regulatory,,.,.,.,.,Administrative & Regulatory (Record),,,,,National Supreme Court,,,,,,,,,
244114847051.24.KS,Liberal Party v. T.Maddox,2024,To Clerk,Kursenai Supreme Court,Administrative & Regulatory,,.,.,.,.,Civil,,2020,,,First Circuit of Appeals,,,,,,,,,
293593796097.24.NH,Liberal Party v. 2.2§ - 85.630,2024,To Clerk,New Heale Supreme Court,Administrative & Regulatory,,.,.,.,.,Civil (Labor),,2021,,,Second Circuit of Appeals,,,,,,,,,
514719433685.24.NM,WRC v. North Minnerado,2024,To Clerk,North Minnerado Supreme Court,Civil,,.,.,.,.,Civil (Record),,2022,,,Third Circuit of Appeals,,,,,,,,,
,,2026,Pendent,Serena Supreme Court,Civil (Labor),,.,.,.,.,Criminal (Felony),,2023,,,Fourth Circuit of Appeals,,,,,,,,,
,,2026,Pendent,Umanois Supreme Court,Criminal (Felony),,.,.,.,.,Family (Record),,2024,,,Fifth Circuit of Appeals,,,,,,,,,
,,2026,To Clerk,St.Joshep Criminal Superior Court,Criminal (Felony),C:\Users\gugam\Downloads\St.Joshep Primary.txt,.,.,.,.,Family (Special),,2025,,,Sixth Circuit of Appeals,,,,,,,,,
,,2026,Pendent,North Fortissi Supreme Court,Criminal (Felony),,.,.,.,.,Family (Surrogate),,2026,,,Seventh Circuit of Appeals,,,,,,,,,
201989600146.26.BM,Berma v. Marina,2026,Terminated,Berma Court of Appeals,Civil,https://1drv.ms/o/c/e2bc691368a3a85d/IgBdqKNoE2m8IIDizQQAAAAAAS5xDfZ6spQeVG30JIVmoII?e=GvEtcQ,.,.,.,.,Juvenile (Felony),,,,,Federal Circuit of Appeals,,,,,,,,,
201989600146.26.BM,Berma v. Marina Summary,2026,Pendent,Berma Supreme Court,Civil,https://1drv.ms/o/c/e2bc691368a3a85d/IgBdqKNoE2m8IIDizQQAAAAAAS5xDfZ6spQeVG30JIVmoII?e=GvEtcQ,.,.,.,.,Juvenile (Surrogate),,,,,Armed Forces Court of Appeals,,,,,,,,,
,,,,,,,.,.,.,.,Misdemeanor,,,,,Berma Supreme Court,,,,,,,,,
,,,,,,,.,.,.,.,Probate & Estate,,,,,Comuna Supreme Court,,,,,,,,,
,,,,,,,.,.,.,.,Probate & Estate (Record),,,,,Court of Criminal Appeals,,,,,,,,,
,,,,,,,.,.,.,.,Small Claims,,,,,Courtney Supreme Court,,,,,,,,,
,,,,,,,.,.,.,.,Small Claims (Labor),,,,,Distrito de Morette High Court,,,,,,,,,
,,,,,,,.,.,.,.,Small Claims (Record),,,,,Faughtar East Supreme Court,,,,,,,,,
,,,,,,,.,.,.,.,Traffic,,,,,Faughtar West Supreme Court,,,,,,,,,
,,,,,,,.,.,.,.,,,,,,Karleta Supreme Court,,,,,,,,,
,,,,,,,.,.,.,.,,,,,,Kentey Supreme Court,,,,,,,,,
,,,,,,,.,.,.,.,,,,,,Kursenai Supreme Court,,,,,,,,,
,,,,,,,.,.,.,.,,,,,,Leonor Supreme Court,,,,,,,,,
,,,,,,,.,.,.,.,,,,,,Louise Supreme Court,,,,,,,,,
,,,,,,,.,.,.,.,,,,,,Minnerville Supreme Court,,,,,,,,,
,,,,,,,.,.,.,.,,,,,,Miteola Supreme Court,,,,,,,,,
,,,,,,,.,.,.,.,,,,,,New Heale Supreme Court,,,,,,,,,
,,,,,,,.,.,.,.,,,,,,New Missikota Supreme Court of Appeals,,,,,,,,,
,,,,,,,.,.,.,.,,,,,,North Fortissi Supreme Court,,,,,,,,,
,,,,,,,.,.,.,.,,,,,,North Minnerado Supreme Court,,,,,,,,,
,,,,,,,.,.,.,.,,,,,,Olympia Supreme Court,,,,,,,,,
,,,,,,,.,.,.,.,,,,,,Saun North Supreme Court,,,,,,,,,
,,,,,,,.,.,.,.,,,,,,Saun South Supreme Court,,,,,,,,,
,,,,,,,.,.,.,.,,,,,,Serena Supreme Court,,,,,,,,,
,,,,,,,.,.,.,.,,,,,,South Fortissi Supreme Court,,,,,,,,,
,,,,,,,.,.,.,.,,,,,,South Minnerado Supreme Court,,,,,,,,,
,,,,,,,.,.,.,.,,,,,,St. Joshep Supreme Court,,,,,,,,,
,,,,,,,.,.,.,.,,,,,,St.Joshep Criminal Superior Court,,,,,,,,,
,,,,,,,.,.,.,.,,,,,,Umanois Supreme Court,,,,,,,,,
,,,,,,,.,.,.,.,,,,,,Vershire Supreme Court,,,,,,,,,
,,,,,,,.,.,.,.,,,,,,Vilnius Supreme Court,,,,,,,,,
,,,,,,,.,.,.,.,,,,,,Washoma Supreme Court,,,,,,,,,
,,,,,,,.,.,.,.,,,,,,Berma Court of Appeals,,,,,,,,,
,,,,,,,.,.,.,.,,,,,,Comuna Court of Appeals,,,,,,,,,
,,,,,,,.,.,.,.,,,,,,Courtney Circuit Court of Appeals,,,,,,,,,
,,,,,,,.,.,.,.,,,,,,Karleta Court of Appeals,,,,,,,,,
,,,,,,,.,.,.,.,,,,,,Kentey Court of Appeals,,,,,,,,,
,,,,,,,.,.,.,.,,,,,,Kursenai Court of Appeals,,,,,,,,,
,,,,,,,.,.,.,.,,,,,,Leonor Circuit of Appeals,,,,,,,,,
,,,,,,,.,.,.,.,,,,,,Louise Court of Appeals,,,,,,,,,
,,,,,,,.,.,.,.,,,,,,Minnerville Court of Appeals,,,,,,,,,
,,,,,,,.,.,.,.,,,,,,Miteola Court of Appeals,,,,,,,,,
,,,,,,,.,.,.,.,,,,,,New Heale Court of Appeals,,,,,,,,,
,,,,,,,.,.,.,.,,,,,,New Missikota Court of Justice 2nd Instance,,,,,,,,,
,,,,,,,.,.,.,.,,,,,,North Minnerado Court of Appeals,,,,,,,,,
,,,,,,,.,.,.,.,,,,,,Olympia Court of Appeals,,,,,,,,,
,,,,,,,.,.,.,.,,,,,,Saun North Court of Appeals,,,,,,,,,
,,,,,,,.,.,.,.,,,,,,Saun South Court of Appeals,,,,,,,,,
,,,,,,,.,.,.,.,,,,,,Serena Court of Appeals,,,,,,,,,
,,,,,,,.,.,.,.,,,,,,South Fortissi Court of Appeals,,,,,,,,,
,,,,,,,.,.,.,.,,,,,,South Minnerado Court of Appeals,,,,,,,,,
,,,,,,,.,.,.,.,,,,,,St. Joshep Superior Court of Appeals,,,,,,,,,
,,,,,,,.,.,.,.,,,,,,Vershire Court of Appeals,,,,,,,,,
,,,,,,,.,.,.,.,,,,,,Vilnius Court of Appeals,,,,,,,,,
,,,,,,,.,.,.,.,,,,,,Washoma Court of Appeals,,,,,,,,,
,,,,,,,.,.,.,.,,,,,,,,,,,,,,,
,,,,,,,.,.,.,.,,,,,,,,,,,,,,,
,,,,,,,.,.,.,.,,,,,,,,,,,,,,,
,,,,,,,.,.,.,.,,,,,,,,,,,,,,,
,,,,,,,.,.,.,.,,,,,,,,,,,,,,,
,,,,,,,.,.,.,.,,,,,,,,,,,,,,,
,,,,,,,.,.,.,.,,,,,,,,,,,,,,,
,,,,,,,.,.,.,.,,,,,,,,,,,,,,,
,,,,,,,.,.,.,.,,,,,,,,,,,,,,,
,,,,,,,.,.,.,.,,,,,,,,,,,,,,,
,,,,,,,.,.,.,.,,,,,,,,,,,,,,,
,,,,,,,.,.,.,.,,,,,,,,,,,,,,,
,,,,,,,.,.,.,.,,,,,,,,,,,,,,,
,,,,,,,.,.,.,.,,,,,,,,,,,,,,,
,,,,,,,.,.,.,.,,,,,,,,,,,,,,,
,,,,,,,.,.,.,.,,,,,,,,,,,,,,,
,,,,,,,.,.,.,.,,,,,,,,,,,,,,,
,,,,,,,.,.,.,.,,,,,,,,,,,,,,,
,,,,,,,.,.,.,.,,,,,,,,,,,,,,,
,,,,,,,.,.,.,.,,,,,,,,,,,,,,,
,,,,,,,.,.,.,.,,,,,,,,,,,,,,,
,,,,,,,.,.,.,.,,,,,,,,,,,,,,,
,,,,,,,.,.,.,.,,,,,,,,,,,,,,,
,,,,,,,.,.,.,.,,,,,,,,,,,,,,,
,,,,,,,.,.,.,.,,,,,,,,,,,,,,,
,,,,,,,.,.,.,.,,,,,,,,,,,,,,,
,,,,,,,.,.,.,.,,,,,,,,,,,,,,,
,,,,,,,.,.,.,.,,,,,,,,,,,,,,,
,,,,,,,.,.,.,.,,,,,,,,,,,,,,,
,,,,,,,.,.,.,.,,,,,,,,,,,,,,,
,,,,,,,.,.,.,.,,,,,,,,,,,,,,,
,,,,,,,.,.,.,.,,,,,,,,,,,,,,,
,,,,,,,.,.,.,.,,,,,,,,,,,,,,,
,,,,,,,.,.,.,.,,,,,,,,,,,,,,,
,,,,,,,.,.,.,.,,,,,,,,,,,,,,,
,,,,,,,.,.,.,.,,,,,,,,,,,,,,,
,,,,,,,.,.,.,.,,,,,,,,,,,,,,,
,,,,,,,.,.,.,.,,,,,,,,,,,,,,,
,,,,,,,.,.,.,.,,,,,,,,,,,,,,,
,,,,,,,.,.,.,.,,,,,,,,,,,,,,,
,,,,,,,.,.,.,.,,,,,,,,,,,,,,,
,,,,,,,.,.,.,.,,,,,,,,,,,,,,,
,,,,,,,.,.,.,.,,,,,,,,,,,,,,,
,,,,,,,.,.,.,.,,,,,,,,,,,,,,,
,,,,,,,.,.,.,.,,,,,,,,,,,,,,,
,,,,,,,.,.,.,.,,,,,,,,,,,,,,,
,,,,,,,.,.,.,.,,,,,,,,,,,,,,,
,,,,,,,.,.,.,.,,,,,,,,,,,,,,,
,,,,,,,.,.,.,.,,,,,,,,,,,,,,,
,,,,,,,.,.,.,.,,,,,,,,,,,,,,,
,,,,,,,.,.,.,.,,,,,,,,,,,,,,,
,,,,,,,.,.,.,.,,,,,,,,,,,,,,,
,,,,,,,.,.,.,.,,,,,,,,,,,,,,,
,,,,,,,.,.,.,.,,,,,,,,,,,,,,,
,,,,,,,.,.,.,.,,,,,,,,,,,,,,,
,,,,,,,.,.,.,.,,,,,,,,,,,,,,,
,,,,,,,.,.,.,.,,,,,,,,,,,,,,,
,,,,,,,.,.,.,.,,,,,,,,,,,,,,,
,,,,,,,.,.,.,.,,,,,,,,,,,,,,,
,,,,,,,.,.,.,.,,,,,,,,,,,,,,,
,,,,,,,.,.,.,.,,,,,,,,,,,,,,,
,,,,,,,.,.,.,.,,,,,,,,,,,,,,,
